{"cameraMode":{"drawMode":0,"name":"Shaded","section":"Shading Mode"},"sceneLighting":true,"audioPlay":false,"sceneViewState":{"m_AlwaysRefresh":true,"showFog":true,"showSkybox":true,"showFlares":true,"showImageEffects":true,"showParticleSystems":true,"showVisualEffectGraphs":true,"m_FxEnabled":true},"in2DMode":false,"pivot":{"x":6.366373062133789,"y":19.086318969726564,"z":-16.237422943115236},"rotation":{"x":-0.11818219721317291,"y":0.5498343706130981,"z":0.07562830299139023,"w":0.8238906860351563},"size":12.12435531616211,"orthographic":false}